{
	"width": 1920,
	"height": 1080,
	"maxIterations": 100,
	"offset": [ 1.890, 115.850 ],
	"zoom": 0.36468,
	"colors": [
		[ 0, 0.0852701, 0.100386, 0 ],
		[ 0, 1, 0.664093, 0 ],
		[ 1, 0.46332, 0, 0 ],
		[ 1, 0, 0, 0 ],
		[ 0.451737, 0.0296507, 0.352327, 0 ],
		[ 0, 0.532819, 0.131662, 0 ],
		[ 1, 0.46332, 0, 0 ],
		[ 1, 0.741313, 0, 0 ],
		[ 1, 0, 0, 0 ],
		[ 0, 0, 0, 0 ]
	]
}